<?xml version = "1.0" encoding = "UTF-8"?>
<!DOCTYPE mapper PUBLIC "-//mybatis.org//DTD Mapper 3.0//EN"  "http://mybatis.org/dtd/mybatis-3-mapper.dtd">

<mapper namespace="mapper.Employee">
	<insert id="insertEmployee"
		parameterType="com.khoithuong.model.Employee">
		INSERT INTO EMPLOYEES
		("email_id", "first_name",
		"last_name")
		VALUES(#{emailId}, #{firstName}, #{lastName});
	</insert>

	<update id="updateEmployee"
		parameterType="com.khoithuong.model.Employee">
		UPDATE EMPLOYEES
		SET "email_id"= #{emailId},
		"first_name"=#{firstName}, "last_name"=#{lastName}
		WHERE id=#{id};
	</update>

	<delete id="deleteEmployeeById" parameterType="Long">
		DELETE FROM
		EMPLOYEES
		WHERE id=#{id};
	</delete>

	<select id="selectAllEmployees"
		resultType="com.khoithuong.model.Employee">
		SELECT * FROM EMPLOYEES ORDER BY ID;
	</select>

	<select id="selectEmployeeById" parameterType="Long"
		resultType="com.khoithuong.model.Employee">
		SELECT * FROM EMPLOYEES WHERE ID = #{id};
	</select>

</mapper>